"Variables ->","obs_l_ystar_gap","obs_rstar_tnd","obs_l_cpistar","obs_l_enerstar","obs_l_foodstar","obs_l_rp_enerstar_gap","obs_l_rp_foodstar_gap","obs_istar","obs_l_s","obs_l_y","obs_l_y_agr","obs_l_cons","obs_l_inv","obs_l_gdem","obs_l_exp","obs_l_imp","obs_l_cpi","obs_l_cpi_food","obs_l_cpi_ener","obs_i","obs_prem_d","obs_l_md","obs_grants_y","obs_grev_y","obs_def_y"
"Comments ->","","combined CBO data & proj","","","","","","","","","","","","","","","","","","","","","","",""
"1995Q1",,,,,,,,,515.3098897705584704,,,,,,,,920.3816792743966744,738.0391626273304837,649.3491473863210786,0.0000000000000000,14.2107016624829878,364.0092268012090813,,,
"1995Q2",0.2027766098755363,,3.8279055322540696,290.0138720269860073,444.4925716917437057,8.7626464110920779,-3.9220667158117521,5.9756794382722012,561.0960308289070326,,,,,,,,866.5931001726548857,720.8765193540800738,636.2927374821441617,0.0000000000000000,15.2606631254691312,382.5989152101843729,,,
"1995Q3",0.0816264664233328,,6.0980470582171433,279.9717389628033857,450.5260055089838147,-4.4426731115378288,-0.6335757641643340,5.7190968865583640,574.6022130486298920,,,,,,,,815.3185479408285801,703.9660192136191199,623.1417721658291384,0.0000000000000000,16.5034097143443326,401.7150250375219116,,,
"1995Q4",-0.0362361762086425,,8.1665617712951164,283.1839852228403629,451.9534306764691109,-4.1974631510699965,-1.7470153576893495,5.5890610516836698,571.8430226180306590,,,,,,,,763.8267651531174351,687.2622167860281479,609.6261242442309367,0.0000000000000000,16.5118880028655681,410.7919537756552018,,,
"1996Q1",-0.2849246993228376,,9.0770609716972004,290.7629391999018367,454.6994551505660525,1.5642934017789116,-0.3785415636795619,5.2002775979287552,572.0825305930841296,,,,,,,,713.2250832632838637,670.6040403836486803,596.2146937091195014,0.0000000000000000,16.8025407648018152,411.0905259927888551,,,
"1996Q2",-0.4419313869123354,,8.2749029933323541,296.9730471014990485,462.7768690458162268,7.6616078517682809,8.0432165596461687,5.4854910961280732,572.7292816824519832,,,,,,,,665.7440159871413243,654.2194958610697313,583.2383462208908895,0.0000000000000000,16.7433499855605135,413.2097403151518051,,,
"1996Q3",-0.5072332653526352,,8.1441058957564341,302.6746327083160395,459.0240662954532809,12.5697316678074458,3.9768106355912209,5.6336224082712070,572.6652288746948898,,,,,,,,621.9260139647018377,638.1984939005698152,570.2950735028118743,0.0000000000000000,16.5994549194676750,416.4129841282143616,,,
"1996Q4",-0.4805311539024055,,7.4275725319715757,313.8244054842609785,448.8941439195127145,23.4966287036763219,-5.8684164295345340,5.4429155764084118,573.0608311659599394,,,,,,,,579.4714165510267776,622.4667417170933277,557.1450052419436361,0.0000000000000000,16.9264460494439035,419.4491403850789197,,,
"1997Q1",0.0031667201843568,,5.5925862582097317,304.8482838939519866,451.2905577657565459,15.3872352283423197,-2.0596289115723039,5.5330317964522138,572.0552184865500749,,,,,,,,539.7243477139188599,606.8765501900477375,544.2205571162485285,2.9558802241544431,12.5933833902281709,425.8885259130791496,,,
"1997Q2",0.3421729197076537,,3.7183851991654908,291.7230045399033429,450.4025656580585633,3.1106654872669424,-1.4864761184451254,5.7998116746318651,570.9333704694525977,,,,,,,,504.0621944115522410,591.5813850842728243,531.7995780812346993,8.6177696241052395,6.8858305858479714,443.6279527503469353,,,
"1997Q3",0.5374019989707373,,0.7659249846040845,292.6203544235158347,444.3847009319011363,5.8397495977095559,-4.9537620834692575,5.6744791272890369,570.2615126904194085,,,,,,,,473.0431252192000784,576.7245889547269826,519.5250113284715781,8.6177696241052395,6.7715807662169922,439.1551691300766720,,,
"1997Q4",0.5895546542020842,,-1.5370479006637552,293.5982269148217370,443.1598204724581365,7.8646890245859140,-4.2638290977401994,5.7126431847048718,571.7468612962363750,,,,,,,,444.9920979667052734,562.2487307308271056,507.1869624405647414,8.3114906710506595,7.0721438004360646,445.1187304943931622,,,
"1998Q1",0.1245936725917431,,-3.1311234181987864,265.0656465458610569,456.8940136482151502,-20.5084970023073083,10.6956455786313995,5.5166616713576815,572.7646342848769336,,,,,,,,421.1312673422387434,548.0006664063740800,495.1797337690198333,7.6961041136128392,7.2607729186018277,445.4580061815979093,,,
"1998Q2",-0.2355943983247304,,-4.0909297589489722,258.6259144048287908,459.6671342897003001,-27.6503898982720102,14.0874522701510045,5.5914881715010836,573.4312434082376058,,,,,,,,401.9981146561319747,534.0780996393693840,483.7297705006850492,7.6961041136128392,7.1688822620095332,441.4472665680073646,,,
"1998Q3",-0.4910910812724829,,-4.1759933439169608,256.5205734850455883,450.8277451061435954,-31.5956131328031233,5.0213036315935824,5.4771289145783548,575.3954540702114855,,,,,,,,387.5776496590285660,520.6576916646066593,472.5308910339807085,7.9734968018853518,5.6484475224956228,440.2589102313871763,,,
"1998Q4",-0.6418306524777559,,-3.1986056300557673,247.2327867581140310,451.3887563101723117,-44.0671236674768920,4.3152201994134316,4.9749386508233799,578.4350070193023612,,,,,,,,376.0982280167464182,507.7025002593444469,461.4120280703867252,7.7886538657071194,7.1510000990366658,445.1465026955658004,,,
"1999Q1",-0.6763353719483121,3.5262333450670660,-2.0892325942895220,245.4733770150630789,445.0822205029656971,-49.4222968662640199,-3.3785988961825524,4.9230384718463363,580.7321833013290870,672.1838082503815031,513.7965700171184835,653.3430745579134964,,,456.1184561853554555,517.4008009370768377,369.2397924282855115,495.0777724768725534,450.7128727695884436,7.6961041136128392,7.2665132819684031,450.5311026774037941,,,
"1999Q2",-0.6148566734629828,3.3221462798964940,-2.1805725110426915,277.4461966621461784,442.0591253263790463,-20.0957042281183931,-6.5894841994348212,5.0547983378956554,581.4854548268859844,678.2858298428232047,515.8332826539480038,656.6202857893903229,,,467.0867193641227004,529.9796828960197672,366.8963893489233783,482.8192739224192565,440.6385278964592089,7.8811180424289846,7.0843694112711306,452.0768032073479503,,,
"1999Q3",-0.4561980475569207,3.1177027440253506,-2.3253499668093505,301.7656830969782504,439.8138517120893312,1.4395829869787917,-8.9812350283827982,5.6405222855411958,581.1667600801442859,685.2696409056775337,517.8831519617453978,665.7232445780581429,,,459.5573192830648281,532.7672075690204565,366.4263645481098024,471.0968822779587981,430.9122939060762860,8.7705580419105456,6.5072729567873928,455.7533785464601124,,,
"1999Q4",-0.1987786993443326,2.9123173504682258,-3.7190029733702521,316.9965653498192637,440.0530419348509668,15.0160583921203852,-7.6585575050771126,5.9049735274568649,583.6777612410667189,685.1968659985157046,519.5934357882516679,666.8698642344288601,,,462.5513938021515514,534.4802981034774803,364.6331587718228775,459.9209390011164942,421.4034403862052045,8.2808111187314832,6.9912975830349069,456.1516355382453298,,,
"2000Q1",0.6572402907038146,2.7051820959642554,-5.2584925571330281,328.1537585992911659,442.7446333249974941,24.6170250240214727,-3.7577264094694556,6.1270687580800871,589.4031507296630252,684.5390338850806984,520.9907285126813576,660.6615201568196198,,,495.6250689103031277,537.7889768297685578,364.2247418249534121,449.2028153455100323,412.4118765825536457,8.6024779351083982,6.4347342136090351,454.3381462294524340,,,
"2000Q2",1.2875224320789762,2.4954554949617771,-6.5382858801015136,328.7157332284606355,446.6879877391876903,23.3774622229431088,1.1187007388504071,6.6042389760077560,593.8554683618517629,685.8570621979902171,523.0241923894906222,663.4519903791832576,,,494.7233015741128384,538.9865061479624728,365.7685399970749813,438.9181845177117225,404.0987937192067534,8.2270992432794188,6.9104411304479498,460.2971714146287923,,,
"2000Q3",1.6936471049520136,2.2831166849512012,-8.4174353439786316,339.7300911383032371,439.0876775448448370,33.2506804461142451,-4.9596892502373180,6.6177489794370254,600.4993779577191617,688.9628571464513698,525.0500593562387621,664.4786221079026518,,,500.3366897494548766,542.7364042737367527,369.1415685705531473,429.1452581496445191,396.2395910736678388,8.8926209194401480,6.7108409191379810,462.2365322141287152,,,
"2000Q4",1.8763889879738080,2.0689161302850678,-11.1224206524204305,339.0136434302730208,440.0267264210160079,32.3120157393062186,-1.6781301412373182,6.4007755306304519,605.2611385486785593,691.5629892234138651,526.4368222913251429,665.2320692686579378,,,502.0872345267449077,543.9342533022308999,376.1383740287597561,419.9924888254740267,388.7541391097506676,8.6147114733687520,6.6402283726596991,466.2439523469733444,,,
"2001Q1",1.4336398901571634,1.8546286419599027,-12.0782623852334705,326.0785227945410156,441.0750935034213853,17.5098849378791783,-0.0332795600491522,5.0509320493641887,607.2246289320515871,693.2057644180865736,529.7665474035492252,667.1024647266585816,,,488.8086456967745903,525.0322838137553845,374.1927795253631643,411.4761317819190367,381.8788560485763810,9.1515108835773340,6.1520663999309129,481.3008249328140096,,,
"2001Q2",1.0311887025576674,1.6428256318961934,-13.3328409865692361,328.5661818546251425,444.3653543520799190,18.5246896650481858,4.1647299874098849,4.0470252666341588,608.6580996026478942,698.7326609660555050,531.6398718433656541,671.4368646805212393,,,489.5136938424047912,538.4669088300174735,372.3165284086161932,403.5145822647263003,375.7246168488281910,9.8275475934596095,4.7727818185246882,483.9436695543157612,,,
"2001Q3",0.6666828063367625,1.4369485684967962,-13.6522453316101267,322.7372955122147005,446.3944185766803230,10.3633185751444898,6.1883292756485275,3.3961072126526348,609.7752882208200162,700.1559710518115480,533.5223130827372415,672.5809129932281394,,,479.9325906871468419,542.6851423961606997,368.0568178801092927,395.8992016291090295,370.1505105469618684,9.4612967111061952,5.8908943653782142,482.6048413105261261,,,
"2001Q4",0.3371250897168352,1.2410163883164194,-13.0936276706884982,296.0795703673094295,440.6445139358383472,-19.4608225350806379,-0.4162723529898926,2.1231018424379822,612.3631926556018925,701.1629902801728349,534.4044988840812493,673.0479705442305658,,,482.9487689301611795,544.0498477470042644,365.6859521902943584,388.9665491377031685,365.1324841294205612,10.7208806515443893,4.6084362897685178,483.5359588866459148,,,
"2002Q1",0.0657396852071450,1.0588954707335398,-13.8458304243668593,304.0864963661330762,444.3472324490919618,-13.3033314265314857,3.7743211691938541,2.0472664209212046,613.2924612073895787,704.4849984164624175,545.9453910181746323,678.4735915862989941,,,484.0697538359154919,556.7204706538300343,364.8435749032304898,383.0868163306652150,360.8354340368877615,10.0327873129751577,5.2078429012157041,485.5756259556298460,,,
"2002Q2",-0.1962627041526268,0.8941125357424636,-12.4404274208119094,322.6976260902068816,446.7486797410126655,1.2811511968741911,4.5410110927564915,2.0812901111414406,614.6110604215651847,704.1544756005462204,547.4259969879055916,679.4603771012106108,,,480.2886503386580443,557.7307324321905071,366.1418156862217756,377.6059890497797937,357.2961195787578390,9.4309679470741319,5.8497240773017101,489.2025085763957009,,,
"2002Q3",-0.4525476573783926,0.7492192098043168,-9.9884292327285262,329.3488431577246729,449.0497757933645744,2.8220669945706049,4.1965908192554480,1.8000350575973842,617.7972398574517001,703.3759471995530248,548.9339327877783035,680.0013932092759887,,,483.6712298894037190,549.5850153172148111,369.3389658748836268,372.4280697420734327,354.4671379564493918,9.7308182466997977,5.3207326697685033,494.3615778692476397,,,
"2002Q4",-0.7066580892959387,0.6259577977080399,-7.4174784928392885,328.6035906710723680,452.5856554872022457,-3.2077515492957218,5.0018625776232284,1.5284593196343284,621.8615259019360337,705.6238250223777868,549.4993632210663463,683.7518843102606070,,,481.5450600711152447,551.7466206949760590,374.8029567253091159,368.1036802931605507,352.5090294089811778,9.2670334841308133,5.2670220992668568,496.7566571151286894,,,
"2003Q1",-1.1706709536229667,0.5257272174028630,-3.0138813312893373,344.4361017033320422,453.4742979026647163,5.4322177256685791,1.3565134240377006,1.3181408924232756,624.1825650748950238,709.3599037262362117,543.3960147792676025,684.5317088502391698,,,481.2351272560301823,552.5333632496691507,374.8856301621311786,365.0487375532327405,351.3774486612604164,9.0114889442260324,5.7730237821721264,501.2186641217357419,,,
"2003Q2",-1.5000306563638368,0.4495976319852661,1.2862423070042566,327.8593581712180480,455.9013802788692828,-18.3269355170203880,-0.6253837756845542,1.1909137211355860,627.1276670086825789,711.0863396912178587,544.4484949998036427,685.8647882919553922,,,492.4658853861313332,552.0587189170980764,377.9055017576482101,362.2882330690198955,351.1296099558143737,9.3247447774024117,5.7296736459122375,504.5945931406967020,,,
"2003Q3",-1.6968239394066877,0.3980601237035064,3.9347354985693501,334.6321050205642678,455.0059683459349458,-17.1997167422505299,-4.2651785070596020,1.1612974297847163,631.1695001948035042,710.6084515664879291,545.3257889257040461,684.1293457110646159,,,495.2095563656487798,554.0557301355634081,382.0867942538233706,359.8762302086483373,351.7478572077358763,9.8366111744866735,4.5618785449727071,510.6853504759858993,,,
"2003Q4",-1.7622000254793697,0.3708227655547711,7.5920718436480765,337.9409403217474619,463.5753613878545707,-20.6699544793827386,0.5557736394156336,1.2198297331669485,634.6062059679665026,714.5399005090662286,546.0092348329181959,688.7720538034842548,,,493.2737055164892581,565.0049506025417259,384.7467324423025161,358.5311598356349236,353.7026606771946149,10.4239887989123137,4.6791646644266400,514.1420964434302050,,,
"2004Q1",-1.4160097504676408,0.3667797964181735,10.8018336460380056,346.8847499719256007,466.5850630231570904,-18.1815483115884717,0.2638784407920980,1.1710497023025708,636.7495752396566786,717.7438921628219077,545.6903636326308060,694.2836235167401355,,,508.3782154155105104,569.4238485009947226,387.2622122911410543,358.6975238643284456,356.9552866151783519,10.3097958003567296,4.4459606354047398,515.1425739053311190,,,
"2004Q2",-1.1229862300901665,0.3837758634725638,12.4554807642953023,357.2012057033011843,472.1996284882608279,-12.8745708202038713,4.1263683787265109,1.5243229412693733,636.2557648066053844,717.3293831035905441,546.6696727183023086,695.3793002633397009,,,501.6702718840305124,569.5791266849125805,389.3027299827073193,361.1969725529078801,361.2750773586449213,10.3188157796168909,4.4685721210889096,516.0435816959319482,,,
"2004Q3",-0.8812317910027403,0.4185451937503122,14.6316778373992076,370.1306962253188999,463.0197285687161752,-5.5622189220511018,-7.3407782204407681,1.9546712199763443,635.6509142591247610,720.0431780592812174,546.4474795730222922,693.8713605594693945,,,516.5186295007147237,573.8597619352772199,392.5166185929139147,369.1500896136554388,366.6021564314230545,10.5290513207711953,4.2295811161983927,519.8466396376052217,,,
"2004Q4",-0.6881468934673549,0.4673316530317721,16.8409033679509150,375.3694315465713203,464.4511451894326797,-6.0256354916638202,-8.2508647348690261,2.4489014629940975,634.3590409647989645,720.9882390943191695,547.5941769979432365,694.1292567466177843,,,519.7460802398599071,576.4361080440528440,395.8024705455533763,377.0652074831773461,371.4272032807986079,10.6609735058258277,4.3618978188432624,525.1890925088663380,,,
"2005Q1",-0.6661084274989015,0.5256784779176423,18.3957459330615727,383.0851016272190463,471.0985911020453045,-3.3731171396910327,-3.3157858041140003,3.0282165146972098,633.3136337826758790,726.2553191609799796,552.3029700227365311,699.6967705092148435,,,517.4177698709999049,587.4246957304095531,398.4576250755803244,377.5818476307233595,383.3885641764183561,6.2473891255354221,8.8643621740200480,533.5735943978337446,,,
"2005Q2",-0.6032697459635870,0.5883348119943979,19.7994902256876451,392.7964099503113857,470.0362752941177860,1.4511229524436544,-5.9634791571886581,3.4345708578954457,632.4378078088689108,727.8085636532221088,553.6308966577424826,701.5465231595959494,,,513.7747515065286734,588.8415113204223417,400.2860426821659985,379.6034395646303778,388.5164491323470202,7.4365081955306733,6.8551300228953691,539.4612514734778870,,,
"2005Q3",-0.4956341296784146,0.6500951292796616,20.2077888654965250,409.4185835151694164,465.5591638542490500,14.2491353910900216,-11.0514209826546335,3.8904316951435356,631.7954507127672059,726.6339385208145814,551.8616238723568586,702.5985857786287170,,,522.5866118175927113,595.2997901598120052,400.7728436062749893,377.2915709818495884,396.3537449709779708,9.0967430370187863,5.3479173994840234,543.1536308511475681,,,
"2005Q4",-0.3388278158692088,0.7061934586127191,18.7762933645024539,403.5023000685774832,464.5838167042443274,6.4575156858687137,-10.8117653537403839,4.4253221123654622,631.6675337191755943,728.8895111282751031,553.4632898462480171,699.4877551386913410,,,527.2801753905803253,587.0406961084129307,400.4419615889843271,371.3459087059464991,404.9742858572220712,9.0267182210171111,5.7232859641747371,546.1688269513646219,,,
"2006Q1",-0.0537121199849437,0.7518934952355824,17.3764287327884333,411.0118346547298529,469.0176598421109020,12.2017774361220859,-5.1946666274272388,4.7863385636498688,631.6914775859102065,672.2805871176110486,558.9590628638544558,655.1083379960819002,413.8121855402350775,513.2324298522960362,451.6267873960269412,518.2994675222303158,404.7408931061853536,381.1515930068945863,414.6749230772311421,8.7766647256778434,5.5929574666621011,550.0968889448299706,12.4840944423185007,,11.5913429423215995
"2006Q2",0.2408122988177297,0.7829481017594900,17.6817863170945735,422.4376513473035288,478.6138962374429298,20.3274209867145146,3.9000888275793955,5.1914484742198654,631.3628779733037391,680.4610528432386900,561.5893455976103041,657.7121757305467327,438.6880006239454133,525.7198136469398833,476.3896505197261604,534.1337047066012929,408.0773922799567117,390.2356430447969728,421.6607099460803738,8.0934617495999248,6.3886967042740608,559.2607098385650488,7.1362134794341996,,8.7112645509207507
"2006Q3",0.5496743121039671,0.7953857430402378,18.9374324599570336,423.1465853416262917,476.7054198943936854,16.9772166974676679,0.5841773479792209,5.3448503588170588,631.2260986486811589,684.0094175742493690,573.4444213204584457,663.8858998378791512,452.6601848232722887,520.3524094883302951,454.0018034854753637,529.4986724594912175,409.5303820350106321,394.7106844888144224,419.3348365484815190,7.6961041136128392,7.3439759531396929,565.4957940638388436,10.4092361149218995,,8.9200462412671602
"2006Q4",0.8776522837522194,0.7863497755418076,20.9797079005478295,407.7463456772720747,477.6174261893382891,-3.0691702623035440,-0.6321353094588744,5.2328974552316634,630.9936581089320953,684.1925240996670254,576.0379608502520341,665.9647489913918434,466.2096388600205614,507.3884008870242042,462.6082778322283957,532.6524958912381180,411.2907067774225993,396.2357092200845727,423.0821207263780934,7.1669286690359684,7.8444685154639124,571.5808490652733553,6.9355672448354300,,8.7014466590625101
"2007Q1",1.5141546844717340,0.7544551063299922,22.8129177924511914,404.8966237988060470,481.8590438423923388,-10.1586674931405696,1.7770204305198263,5.2241661212206409,630.6039301684759266,684.9180535561947636,566.5990936033407479,662.5703495133493561,456.2927113719929366,526.9461915181562972,492.4049235807613627,539.4521445153387731,415.9379889985447676,406.7251163573716894,419.9172599369951513,7.6312682849163513,7.1992373133975383,573.9961493597154458,6.1687954699415002,,10.8317445523901998
"2007Q2",1.9903306790303006,0.6991240825597783,24.2958066622292463,419.2045069439859617,486.1568225361336886,0.4566720560435442,4.7008908172223300,5.2328974552316634,630.3292680378898467,687.5295083159060141,567.9996213524129871,664.3050455047826972,456.1598100572993530,520.8394525484155793,501.6075582084116604,541.9204162018537545,416.4509734611291378,401.6585037556385487,419.8297127328139595,7.1669286690359684,7.5888277667255011,582.7253899812185409,15.4652777330699998,,12.4084745325050996
"2007Q3",2.3091202055061544,0.6213367163282898,26.0823593316135707,429.6617288515551536,488.9575589326564113,7.1205508093352705,5.9526181465338368,5.2288482357023600,630.6147602397663832,687.9919170291127557,572.2087738355407964,662.8678783904491638,456.1094824230402764,533.0974470849985209,496.6071896384286219,540.1334771450182188,417.3642883422399450,399.7170667374151662,421.9201850204413518,5.9086184125836718,8.9793485445485395,589.0502505646093141,6.5435590088413198,,10.2520769200936996
"2007Q4",2.4722192453030800,0.5233620151206108,28.8174577466288504,447.3893821346932214,496.9127842452502932,20.3148475209290496,11.5562440844808521,4.7864974408582821,630.1010478899972895,690.7940707603337387,574.2456507989323882,664.4772892361247614,478.6898809981430531,528.9263395072727008,501.6501660732578785,542.6045656285814403,418.6756055570736521,399.3499601397875267,424.2790720771693032,7.1421032228262380,7.6596593095543763,598.9718429816408616,6.5937832958443403,,9.1120217582768905
"2008Q1",2.5404229219070444,0.4080111892549798,32.7083506316083970,455.6228923447354191,508.0335192814720244,23.0689567606103196,19.3292127267069418,3.1056708945153497,629.8489888916257087,693.5653222228474988,575.1747220917717414,668.7798601003937620,478.9539075934529251,525.6129546136347699,487.3003831595407291,526.5619734727041532,422.5633597414267797,399.2698523496449070,430.9141681691858707,7.3838888334870472,7.5069503250441247,606.1810986405920403,15.6934643255333004,,12.3665495783845998
"2008Q2",2.4093072909145121,0.2785756118693442,36.6751011860861738,479.5733499697734032,514.9725884243457585,41.6624267800202119,23.0107346165696072,2.8903895280153589,629.7754783768856441,699.6207508677812257,577.4116214323934173,671.7899698668863948,504.8516464072105236,525.6821740878142464,493.3074912758300457,539.9403515239282569,428.6536143180383078,401.6782423180817432,437.4718817618789899,6.2348625064535295,,610.0176946871692962,10.2510430053391008,,9.9807105331982093
"2008Q3",2.0759922322463638,0.1383411504377129,39.1686607828029238,475.1879931969434665,509.1714898801503750,33.5656472586619543,15.5857251895203035,3.1377212655659772,630.7096604075961750,699.7630347308834189,576.4661698382775512,671.5944232653145036,508.3477145405467468,537.3575625632196306,477.9974798873947748,541.4208372804715736,435.2049973106213656,412.1342602381117786,444.3085108663659639,6.7970126439267213,8.3176044367692406,613.3805976107751121,6.5945390923128597,,9.0885490379567404
"2008Q4",1.5360918087666704,-0.0098309386606698,37.9567814795727188,402.2497206489984478,484.4113678815369326,-39.2581713901549847,-6.9524364868258886,2.8632807297488454,631.8744004551761009,700.7452027620309991,578.0433987803097580,672.6218457850020513,494.4289596586589255,546.1595511209243341,482.3774482916248303,543.0787415993821696,438.6425194611948655,418.8608197793260501,443.7457430941487360,7.1514134873996467,8.0290939026430657,613.2427662109454332,8.3942176011639908,,10.2143905273201003
"2009Q1",-0.2418730409412646,-0.1620508673825624,34.9895602433406410,378.6196113622071380,480.7653927770491578,-60.9709617782727946,-6.5104312163351779,1.7205466742888345,634.1264655090370752,704.5774972701735805,582.4661231789137901,679.4785002439188020,507.9106871922663231,547.0252731534367285,483.9908170690735005,557.7604269787588009,440.0655023943389210,423.7602946511286746,441.9488275242186432,8.8956705832149527,6.0181432171564531,609.0757289122018392,7.5279993532464404,,11.1506136489972008
"2009Q2",-1.5549814225379919,-0.3142354840368229,32.2891967516481984,408.1601455126705105,491.4099284104702861,-29.7808217311792305,8.0404962545732701,1.3861155448042883,634.2024876502415509,704.2292755645579518,583.8964041719568741,679.2663350499049102,514.3618093618339344,539.2546507150040043,481.5647955811090810,557.8441219897591736,439.6668390095491077,424.9235059108227119,440.3843108124140144,8.2040710336209397,7.3080926531090729,608.8118562907953901,10.8845763605723995,,12.4504679729125005
"2009Q3",-2.4097256550344781,-0.4630815379139145,31.6524624074487733,422.2732266680207545,486.8998083573620193,-16.0928905571313976,5.4370682053569794,0.8304092056905423,634.3204341538190647,703.6637913363167627,584.1602107441945009,679.8236448766821240,495.9524479802572046,537.4052646911148940,482.8455689916536357,549.6547440626541174,441.2530533903004653,429.7706177543821013,441.1717806967878914,8.8804213342109168,7.1754462780479482,613.1618625129812017,12.9643275186873002,,18.1254775798582983
"2009Q4",-2.8116261940526073,-0.6058439174539190,34.3380611399404501,432.4314779995551703,490.5703763221433746,-9.6849074733835891,7.7295592079270250,0.5184537031520494,634.6250324361191133,705.7464016557412378,585.8410960709204574,683.9395852799746081,477.6875983578030400,545.9676748487678424,480.8375409988721003,551.7367780224527678,444.1833483159527418,440.2778608480199978,443.6321441110551405,7.7824865463305306,7.5868566985158710,619.1318658165803299,10.2013426743680995,,15.2766473872618000
"2010Q1",-1.8941257855449365,-0.7409423743194314,36.4655578194981373,434.4627485642456008,459.8878369255766643,-10.8301886960944671,-23.7651543582670683,0.3984717125996480,635.0846856157467073,709.0139379068401695,586.4175604567908522,684.5584466546877138,506.2748030581244052,546.4869775651534383,482.7471637136894174,552.1630268352558915,443.1372627963392006,430.7591109380527996,444.3052363404650009,6.8156966660282192,8.6850488886957855,624.8603448677644110,11.6410153046956992,,11.0854027384537996
"2010Q2",-1.1073846119533570,-0.8672358351964291,36.4005865298949089,435.8410458961601535,460.6290596942749858,-10.3959081105535347,-21.6704313958281318,0.6270300513358975,636.6314192683474857,710.2430976982996071,587.6897396871509045,684.9858782151678724,491.0950781502639302,552.1946331691357273,491.7675976475844095,551.2699881193011606,443.5425883500962527,435.0778312237641785,445.6544385297556801,6.1439975599688763,9.5535282775637320,628.2980008937391858,13.9344091991659997,,13.1259837006348992
"2010Q3",-0.4524759553780910,-0.9837482837777836,35.9741777828824283,432.4162089228740911,465.7760650083411633,-14.3320357685865361,-14.8550231603742873,0.5900557420957171,637.7847012002545171,711.6586960972771294,590.5471094501126572,684.8696043004480316,500.9709535774616711,555.2947657944545199,494.7194266424481270,555.3346804225568576,443.3763462215903814,436.5325862832393682,445.8653522396984954,6.8188103303443199,8.8616195417944752,633.5819099830221148,12.0989754684038004,,12.6469109343524995
"2010Q4",0.0702190174631454,-1.0892749652233402,35.9456392468672874,444.7822846631510174,475.9464244679060698,-2.7661133449170165,-3.4668628245275954,0.4521097751352620,638.5072075608711657,715.1992281088299706,591.4333203722300141,689.7561914577012203,506.4396625709911177,562.4161910107820859,492.1680480442956878,566.0099441666469602,444.3182300206491959,438.2591552040710781,446.8658794623416384,6.8655036649410670,9.0596895352226738,638.4729301291873753,11.1075854949811994,,13.0075736086561005
"2011Q1",0.3329408921853130,-1.1826875912255472,37.2570526736614127,460.1968489072552302,485.1162177578572710,10.6640296961826948,5.5311348299159704,0.4590447754375042,639.4914793411359142,716.8930142379381323,590.8551128335927842,693.0356820197988554,489.0452607446924276,564.5494250552774247,511.3840082802613551,567.2587769666344002,445.7870106297791608,437.7133667838369888,448.0809499963866642,6.5132094937782146,8.6501133050722760,644.3808566919851728,6.4105050306278404,,11.5002115176252993
"2011Q2",0.5099824772640957,-1.2631851629942059,40.7045863586036205,470.1526693883448047,486.8685631099332909,16.7033981106471856,4.9311738137501493,0.4171288068810547,639.8299216938196423,715.7916354700138299,591.4217885738008817,694.1127834430524217,496.8937489836472423,554.0242305335789297,500.3579845553963992,568.5573882909716303,448.4432489275762350,442.1093983919383845,450.0744624792953346,6.6973055253030767,8.7377604576893830,651.8449289451690447,8.9329141895861905,,11.1836394183223007
"2011Q3",0.6009934285103355,-1.3306178525538093,43.5078305122350315,463.6957245577240769,482.6067798107665112,7.2201204387947087,-1.0812196818089888,0.4640217519452000,639.6434254747817931,721.6629762839553450,596.7144529313006842,695.3113484967659588,521.7885236611581377,562.5433226025249951,515.2804706370475287,575.7002916309669445,450.2961825069114639,439.0060862811458833,452.8252948416682102,6.6941880753768643,8.8836045817645957,657.2459656640155572,12.8207242652123998,,10.1191570676426004
"2011Q4",0.6053046626865140,-1.3851815893662085,44.2639576853164911,463.6494102236475783,476.3261660411504295,6.4717206138548136,-7.1092048952373830,0.6828631733511060,640.1731828524897310,722.2096844014779435,593.9706661417582154,695.9759974394337405,504.3483502523909578,574.4739632474916107,518.2937720136087592,579.0754969286589358,451.8148975675186989,443.6113094815983118,454.2963923652547464,7.3622139870613710,8.1242570690301577,662.1835839526144127,12.6463183772257004,,15.8322167038048995
"2012Q1",0.3389280701619342,-1.4271218495091269,44.4066150017474186,472.2212163632461852,479.1752814601376258,15.2588295895208148,-3.4384783975890514,0.7622871945547782,640.6483262720546463,724.8942069815893774,596.8098746977312885,697.2052821382086449,517.8953931337921404,579.3152144093504603,521.5999168828475376,582.7601596451798969,453.4652488086481981,454.3681889830703540,455.0883550747880690,7.0015765118190343,8.2762544868789050,668.9116624617512343,8.3214538817765096,,11.2695734668960004
"2012Q2",0.1045323059798591,-1.4574007335659522,43.1620355976344214,463.4759518807189806,477.4803220099915393,8.4427664089632799,-2.9652432358553824,0.7309222432408695,641.3380484143074227,725.7695005072366712,598.1705660202292165,699.9985484501543169,506.6080321742393267,585.3868129658713997,512.8706704942223951,588.2320862752612811,455.2159471095453682,458.3779723795986456,457.8315777644423292,8.1724369809889765,7.3597053001706705,674.8555082922830479,7.4686292257965103,,9.8650182388513805
"2012Q3",-0.0995174794480889,-1.4770964773347457,41.6923158392850226,463.4638541937822538,481.6983713462484502,10.9248786301757264,3.6114710750431982,0.7040821805632425,642.4509531959325841,728.6136315727154624,600.3508352680065627,704.5738379505741023,540.1929028304455187,571.2880001957303193,520.1399478745737497,597.5060191227765927,455.8633049616187805,458.7741181029365407,458.5401284018477099,9.3559101378150018,6.2703632206795508,673.0933142266835603,6.4000732102945701,,10.9097687989040004
"2012Q4",-0.2749214684014447,-1.4870677503650538,41.6952146290475696,462.4737265484311592,479.4977561285892875,11.3041403743839055,2.2700687653121463,0.5403043901015757,644.3940141459753477,730.5403957632958054,604.0751271028487963,702.0124847427442774,568.0057312547946822,550.0469125573142719,525.3740230625885488,590.5769866787002229,456.2734383814452030,456.7304993958883870,459.9416558503169767,10.7074046724566934,4.6362092164822517,675.6917239453123329,7.5785894334057504,,6.7680227946045299
"2013Q1",-0.4340066043632831,-1.4883216718352750,41.9509793328743967,465.5918179091917182,480.1370693092713964,15.8876549685966779,3.4944747247070040,0.0866291327957726,645.2129813418313233,729.5410467850670102,602.9305811230193513,702.4342775667461183,561.9762399250649878,545.3529150023998682,524.6636501756131565,589.2547674171597691,457.9208728154326309,457.0570847060769211,460.6470298601526565,9.9666745477837058,5.8475955618958704,679.5120102133387263,4.0969789725771397,,3.4689035336537302
"2013Q2",-0.5602756790674945,-1.4818805459429569,42.2015793032340909,459.8822702949004793,482.9002528555048457,11.9916317198827187,6.8308220784415425,0.0499875041650993,646.2881448047980939,732.9975982836949697,604.3804304204719529,703.8629933995406418,572.7834882838780004,561.1984800429721645,547.5893174366397034,597.2395163699776504,458.8347737292024249,460.2796367736700063,461.2490241110313036,10.3525782450029737,5.7685625947802244,680.9978514660848532,9.1220229651997506,,11.4360422008130005
"2013Q3",-0.6549235963235986,-1.4684646218315942,42.8638410900537750,467.7006686319178925,478.0523594315198466,21.5389358610208888,2.1293134045884585,0.0333277790120334,647.9610265179484259,731.2730005724604325,601.8361778452974704,704.2415377899505984,541.5844728566435151,575.1518604560870926,539.7114225709547100,598.0519908933918032,460.0369618630110153,467.1041940550749700,459.9023125854182013,8.4472787666181048,7.6738620731650933,686.8750293375916272,11.5724070645207000,,8.7724033402651393
"2013Q4",-0.7187950876416807,-1.4488125756665948,43.4409575152411307,465.0776821988521306,475.3815175791821730,21.0336559352323889,-0.3274083769240974,0.0633132862416518,650.1468783627811945,734.6337023887477926,603.5320337875609766,709.7552348691262978,523.1623986872107253,594.0901952967674333,536.2564933504399960,608.8718815452169792,460.5762211193250550,466.8710931244532958,460.2401440481006603,5.9444152284137788,9.8897732161588578,691.9571358891153068,8.5513329617034799,,10.5334038981619003
"2014Q1",-0.6807403838856629,-1.4238169281519073,44.0783586462771027,464.2508575558971415,480.6510522814218689,22.5310586868372980,5.0749280284456404,0.0466557811642417,651.5912267389135195,735.3705233153666541,607.1624232540355024,710.4429674045456977,538.6718597144878231,592.4348984678456418,536.3645223245033549,614.2836591618290640,460.9290408143746731,462.7712208099345617,461.4875850032736935,5.5779561623765623,10.2277763034029547,695.2610457437949663,6.9254282903861899,,13.6562601893924995
"2014Q2",-0.6597820301421891,-1.3942192284588304,45.1844412723035020,466.7629549519583634,483.7683975432343004,27.1155117922473892,7.8319408458792736,0.0333277790120334,652.2451533816825986,736.9122328805638062,608.4746300811908668,706.9082314002930616,516.5295074177813603,610.4155653492725833,542.3921445560781649,609.4247532731241108,460.9185560511204471,463.1550344501983432,460.1044548232708280,5.5258633433833761,10.5073776678788189,705.3096084193930437,8.2712329339057096,,14.4492530445492005
"2014Q3",-0.6554807210039399,-1.3609427751057537,45.5282759483693980,460.9826422169032867,474.7876630297007523,24.3225348312493566,-0.7779216352808476,0.0266631117430805,652.9573576168044156,739.9872433418428272,611.0224394414284461,716.0282523307164411,522.5453336828767306,595.8666781463957705,547.0981858895371488,611.4087395719747065,461.0358611464416754,461.2029310970332858,461.0904093331053559,5.4034905841946399,10.5046455315520362,709.2990405007968775,7.4610546358045298,,14.9554657050500008
"2014Q4",-0.6669847872947798,-1.3249840819564080,44.0362901612925413,431.1983101445486568,470.5518394950299808,-0.5669337790593545,-2.8495819313621951,0.0233306115344912,653.9203916368658156,740.0747142267025538,612.0201346023725364,711.6439200678694306,550.7799154994487481,591.9640072857735049,551.5764948954933971,613.6819766358544257,461.5851042547080851,458.9370604500726358,461.5983911250894494,5.2434309848421217,10.6959742301828840,711.3011807608895651,10.2917932700091992,,12.6784001418641008
"2015Q1",-0.6571951778917864,-1.2871803828500479,40.8823656892020111,394.8327855419715320,462.1770774134864155,-30.4001754839017053,-7.4517709289258960,0.0266631117430805,655.6838824973706323,742.9020751436514729,611.0147355225060437,718.6117770040485766,546.2101945288413845,604.2902024865306885,548.9988803278112073,629.4677653350042874,461.8682451315755202,461.0716991678914951,460.9600370404637033,3.9579623096375798,12.1149372091005176,714.3611524067661094,9.7418275012439004,,13.5636019589494001
"2015Q2",0.0783829625109149,-1.2479169260950529,37.3794354312133450,410.2909668684145572,461.1654935823585220,-8.1810968637099108,-4.4045233237881121,0.0199980002666245,657.1967072892022088,745.4481784201539085,613.5017943652966323,721.7443334223145257,547.5939942087861709,608.5087279238954352,551.8700218584348249,633.1433084607423325,462.9221193960526080,465.3849830347310217,459.6135555329728959,3.3960105516927319,12.7194560463095030,721.0079911187362995,7.3046356844484901,,13.7215866061303000
"2015Q3",0.5985276502532173,-1.2079097204247511,34.2934902075443730,389.2217247441325867,458.3375372430525658,-23.1036901493281448,-3.6579419319185149,0.0399920021326891,658.8591105392436020,747.9531034195224493,616.5137364574749199,725.0397209915697658,560.0515407227428568,600.2758736855893176,547.9140112954071355,630.3597286332260410,464.0314629971522322,466.0794580386280472,463.0947989411137087,3.4269372910045259,12.5408858957369169,725.1598477039518684,7.3382006023123099,,10.9358199311683002
"2015Q4",0.9052788530885820,-1.1679126539654516,32.2682735622029782,374.3924433327179031,454.3113615898132593,-33.1160735665138191,-5.2394255131613363,0.1265865121233717,660.8978758758751155,749.8135979314570250,616.8933807359917409,724.9907744999624128,568.0184961050828178,604.9985645009621749,553.3346606561939325,638.2839162826993515,465.5271913411148716,471.7375807557065173,464.7779539467221070,3.4803922194692096,12.3025696316899626,729.6305518693801559,6.4891031951709097,,10.8552548532423998
"2016Q1",0.5806257159698802,-1.1285528172590420,31.7535980316473392,350.0688671172998170,454.6945181026509317,-54.4596342075943198,-3.9907573203379911,0.2895803112025468,663.5538117081355267,753.0205420652267776,619.7783033620768265,724.0636737182247771,581.5418075128862938,608.0968960769921523,559.3467199170871709,636.2823541138404835,466.2370235633810580,472.5248194344692934,465.0194045411582806,4.8508478742609089,10.9548845915186082,731.7390474068698722,3.2476373790761000,,10.9126132069617992
"2016Q2",0.3233739565217775,-1.0906719578018091,32.1519628663410018,381.3056838470506023,462.1990105873238690,-21.5188050668803044,3.4013196464182442,0.2596625847265914,665.7175927894352299,753.5122663037200255,618.4386340080088758,732.0852365116098781,583.1221520314400095,598.8196946762426478,553.8802632937654380,642.1166299023587953,467.7262757648016986,473.9476927285555803,465.3616208900684796,5.6500215891963839,10.1927020702554678,731.2087553378773919,9.4129477164073805,,9.9087652988893904
"2016Q3",0.1342607723606974,-1.0556054037928020,32.7037952067254807,380.9044216898892046,463.0558836028772021,-20.7350693385340605,3.9336694736081199,0.2962274795112951,668.9055858705831952,751.2569260753247136,616.9512994232010215,725.6157605654800591,582.2308178661048714,602.7260809060682050,569.6527711777475815,644.4114366942934566,470.2628977392915886,480.7756524965514018,466.8725823298910313,5.9873022431300891,10.1622049770095408,732.7930181772062497,3.7502379084757398,,7.8662727034330100
"2016Q4",0.0138212523801968,-1.0249514158205717,32.8056481188874827,390.2400668398169614,461.8961148692212078,-10.1191288631137013,2.8448376581735033,0.4290781417156246,670.4297531964095924,751.5762786012254537,617.8314878780040544,725.0536357571902499,577.1824558589539720,596.8029375149307043,566.1524482806556762,637.0579736999438865,472.3342478749829638,486.9463058782119447,466.7432049819508961,6.4027849899002174,9.5962886409938974,735.4757319381235448,4.0771267441061898,,10.5733195785921996
"2017Q1",0.0141126361344988,-1.0003398103062633,32.7704102290653267,397.3896276688975036,466.0272934305366448,-1.8830394449305459,7.1311869177538938,0.5982071677547469,671.4040499611238602,753.2355037223608178,619.7975962225706326,721.8154340698509941,578.4150710888883395,599.0936031132285962,590.8526889650490830,639.6935694001842876,473.6526230233088199,488.9977333767414507,469.2401864671127214,6.2174613844038173,9.5170956879739403,739.1065287556259591,3.7888116395931002,,8.7941485413753693
"2017Q2",0.0478127329494313,-0.9836409918098515,32.6952884765768488,390.5265348978148836,464.6122021381272589,-7.9204283972150620,5.8581774404961493,0.8992776835044946,671.9579767984041609,755.2368161849636863,621.6513361487527618,725.3423984534900910,577.0556622904306323,604.5969067615662880,599.6761817541630535,644.8763233362777783,473.6893124521065488,485.9317091712868546,469.9797704678377386,6.1282446627272043,9.6661031438682521,742.9929961602058484,4.7511307779924996,,10.8604589531576003
"2017Q3",0.1153552600555372,-0.9765391909434300,33.6428001339335552,391.8864056244265726,463.7295531693466160,-7.0268700895650795,4.0374314155795901,1.0511229625647494,672.7240450670891505,757.8236643202301366,623.6216237938946279,727.5789256009858263,576.7220989951719048,613.2053178126001285,594.2975917038237412,647.8710409227876426,473.6956322641901806,485.6088117205104027,470.5891333401131646,5.7680286620444994,10.2821610033584037,746.6574638310549972,5.3292572796700499,,13.4813474706832999
"2017Q4",0.2171440517252208,-0.9802916445129796,35.3605936895996251,407.2656440363988395,462.5706145415471156,6.8826672500260315,1.1043342953294655,1.2192040765361967,673.6804980866869528,758.1351279366632525,626.1714603220980280,728.5124409445502351,569.1226482991760349,610.0563396220031791,604.6993164947132300,649.5653781318636675,474.5671716627577439,486.5030720489044143,473.0948149906474782,5.5902409969927920,10.2154914687867251,748.3171815257474009,5.6295876592564396,,8.8788324472204891
"2018Q1",0.4420200994201053,-0.9959842907637020,38.1994125448094977,417.0435439393048682,466.5375630409050132,13.8774018925076348,2.0995619934899423,1.5709293705179879,674.5342475617491118,762.7840264895968403,628.2489880991471409,736.0053324484363202,559.0839985990576224,614.1607459457096638,602.3401286694559076,653.3042349854302984,474.5440777513986745,483.9276115987482854,476.2050036822804486,5.3775803784337608,10.3655204164490868,753.0450038335025056,6.5951201296984499,,14.3871846804310000
"2018Q2",0.6430018650826383,-1.0249082131347698,39.8473077642487539,427.1739117425370864,466.7085031265556267,22.2594553821655836,0.4017202243784368,1.8592745357313751,675.3831877547410159,762.7370886974289306,628.7906310139236439,734.1540136103537861,567.2949922065461124,611.7001434467370018,606.9546265489292409,646.9606585070849860,476.1346422404175200,487.9685215762066264,481.4710178293047420,5.4882181384351840,10.1409062942017449,754.4130127728215029,3.9573106111669301,,9.0613333890762799
"2018Q3",0.8200091083532399,-1.0681081344039756,39.9941767043869447,429.4598746832999723,459.6190543257863510,24.1697504231309495,-7.1562287475651374,2.0553978947748979,676.3842002715125545,764.7499689747153298,628.0242271333185045,732.8557447370143336,573.7443784510714977,618.9569141831432262,613.5932144501756511,653.9573197839101795,475.4508271429047568,485.2651303222141337,481.4053873273803674,5.4771290338609218,10.3599045632832123,757.2086895007269050,5.5552029009258197,,9.5604197601456207
"2018Q4",0.9725597127066408,-1.1256143302360559,39.7837781823960839,416.5696707022901251,458.8249599806194396,11.1465468027109864,-8.1753113790086900,2.3293259969292142,677.4550035831758805,766.7497172559779983,629.8212337428731189,736.8810578434710123,572.7509031512485080,629.2832961550064965,607.6048196895450246,658.1830193457798259,474.8852937628773248,478.5951250506447536,481.2020751386665438,5.3531981191025109,10.0847243946335574,761.7743587987019964,6.4153751462342203,,11.9651160164121997
"2019Q1",1.4823771767048299,-1.1966646335453273,38.7711815279467160,410.5987750275788244,459.6135685608021504,5.7289249890739029,-6.9317868684269683,2.4074535441175340,678.6350414289115633,769.0573889887239147,632.4141580220921242,734.3441413749435469,581.1469885365755772,629.7179691632360345,612.4479399863819253,658.5845093924299363,475.4724042067026630,481.1463640255944938,477.8636882867613167,5.3762576164713751,10.1159234835890466,764.5232304322248638,6.5741826549768998,,14.2897942869525991
"2019Q2",1.7108045851864802,-1.2793573924311819,38.0686470982007279,417.4168324270740982,460.4757873550702243,12.6659773709821479,-6.0504370531853056,2.3228126119207242,679.6650956238760273,774.5155941439161325,634.0862483698850838,737.4778275836234798,604.5023086826574854,642.9451844549134876,619.2330101524590873,666.5912173415674715,476.4019517758608799,484.7880361141659478,477.2008823719799580,5.2355261053878710,10.0566092032230276,767.5107896166266528,3.4849565259775099,,12.2891756476445000
"2019Q3",1.6553129803776727,-1.3706070637385195,37.7031709667245849,408.9999953924971692,458.6934871582798223,3.8949877664878727,-8.2754836141409669,2.0031359304953833,680.9007541741589193,775.1284149549201175,634.0076434588287384,738.8536087383798758,613.7115034826468900,625.8972238141856224,632.8740059054608764,674.6616723146015602,477.8444646186951559,488.3978497136970418,479.8161971313296590,5.3282443582218297,9.6286326739928363,770.2287843025748089,4.3186282476569602,,11.3475374159314004
"2019Q4",1.3123041516387417,-1.4660304953388974,37.6197781630462131,409.9348740405676494,460.7430719827296457,4.0377524268234879,-7.0708624475115016,1.5938963801502504,682.2536418474480797,774.3836814957362549,633.8201225049857612,736.9409903582001107,614.0111378517228786,632.2445259636320998,636.3595508361104294,677.3984997420503760,480.8112959985073758,497.7969293652642477,481.9627944393168946,5.3350670168353442,9.9770908887732670,774.9725637322783314,4.7393042795082803,,13.4075379058440003
"2020Q1",-0.3560426717672698,-1.5600140262091895,37.1062486444088577,389.3780253120759198,461.7474250129077973,-17.0591748677770170,-6.5916130277821026,1.1236631925987768,683.3738453905164079,773.0579762941094941,632.3267964479838383,740.6210969452919244,601.8728056142841751,633.6327799527354045,625.5165913571354395,680.8365937744350731,483.2999744074550676,503.8299363615226980,486.1895633700986536,5.3879943501381540,10.1983554329551573,779.9244401333089627,3.6648464172025701,,13.4663765738576995
"2020Q2",-1.6325321881595869,-1.6460902575375314,36.8366360757640905,344.8457863824772289,456.8699831931310200,-62.5782574053901044,-12.3340754882879082,0.1432307091625100,683.9395341435947557,761.3058518839366116,632.9411325104466641,730.0960930316952044,558.8002630006702702,633.0370465000808053,590.6973721736396783,644.3209082312963574,484.7294182823774804,500.5296269054938989,487.7211793311854535,5.2162565732449853,9.4243919361377380,783.8672174474279473,5.6219097298593104,,16.8534323147842002
"2020Q3",-2.5223948422155615,-1.7156404221056420,37.8898275238327216,374.5082519781703922,459.2552924294562899,-35.4423723406254112,-12.2141946442503695,0.1132691595933700,685.6603131825829678,771.2785728437877424,635.5345196504123351,740.2247607369492925,527.0634562002715029,649.5268541354921581,638.6545819864759324,674.9201129443987384,486.4653527774784152,505.2430082779351324,485.2908022523475893,5.1386790016697930,10.1048133027057272,789.0826217475057547,5.6835444682941700,,17.5807937818676017
"2020Q4",-3.0298407459949175,-1.7608562469524556,39.5532993085241245,378.8758897615343244,468.1940694742540927,-34.4035017344230596,-6.2026249205861745,0.0932898048600454,687.5288358764933037,773.4618795683570625,636.6766293628069207,740.9294560257893636,578.4976252039839437,649.2779632379978239,601.6930200417612014,660.7993141754903945,485.7711557922277166,505.7518361701460776,487.5204558938454511,5.1123591736483185,10.1025085420102130,792.4126253101538850,5.0492258681453501,,13.2058090034215994
"2021Q1",-2.5910744029728789,-1.7739288187802751,41.4370469197085356,408.8468588876511944,478.5141360120328500,-8.1263038422672480,0.9521988916176269,0.0499875041650993,688.4637696247451686,776.6234678609160937,639.3040163669945741,747.4344805568828178,548.0918325528293735,647.5935067523564612,605.0816543236129519,665.4972780441730720,485.3751480384839283,501.7647332212026186,487.0226280288297858,5.0513892275082810,9.6381963411581566,796.6256853504789888,6.5555368898048600,,14.4629013771793993
"2021Q2",-2.1511972623857361,-1.7480459881076111,43.6240551067862725,420.9916115105986023,488.1164732723420911,-0.0546309915934557,7.1058889273605814,0.0266631117430805,689.2158801104123995,780.2551104386816405,640.3284381561031751,740.2514293821678848,616.6870871740208031,647.9524266279579479,622.3972243534338986,667.4529382838742322,485.3870532495163843,500.3480399377834260,486.3901668529374547,5.0593754076164243,9.7854986261432515,800.6234498531334793,4.5276994416334402,,10.5722368986373993
"2021Q3",-1.7093298675487887,-1.6789549622130295,44.6082972571903866,427.2593583843183183,486.5805320490671875,3.3405133918961383,3.3809431236379623,0.0466557811642417,690.1322010481276266,780.7884469011512465,641.1557983188367871,740.6485353933020406,615.7609833241325532,647.6059400703366009,614.3826538086563005,666.2675409599863769,485.8802183979677807,499.2523980012218203,489.1797695446491048,5.0609530810086785,10.0794523349066303,804.6863546869502670,5.4050311392522596,,13.9487762178005994
"2021Q4",-1.2632482634882365,-1.5643848098944517,44.9087814572023163,436.0460418693787688,488.3855490127295980,10.0098569346470185,3.7701694146532532,0.0533191161658735,691.3927860013282043,783.1277020590956681,641.4345692201429756,746.9764247026313342,576.5831493136522568,667.4861481194966473,630.7625349238595618,675.4044421600988244,486.8784424651036034,496.5236452091137949,490.8122302691900813,5.0426457814302541,10.2552106782778054,808.8304915836454256,5.9476347597482198,,21.3089643964588014
"2022Q1",-0.6527951735667443,-1.4043528016438596,45.5519913062779622,455.7586853690514204,501.4004557997293432,27.4056449717634791,15.1464820978613943,0.3028742060009465,692.3159091085885848,784.2207971255652410,640.4149915874396584,746.8622899835474982,583.2495724476632404,655.9001930278467398,636.8959112318849520,680.0689045129277019,491.0665138337661233,505.8226186272446512,497.1955208919164306,5.1566821057077767,10.1354532029031219,815.4529509710473576,8.0971525089301508,,13.3237662339488008
"2022Q2",-0.1343579092498288,-1.2016992261593475,44.9482754255526444,469.5226283777698768,508.4273138273619566,40.3083177472485090,21.9297038740496646,1.0906968838674400,692.9738548517482286,787.6142696901473528,642.4775564291300043,757.6927102914110037,600.2512821940689491,649.3219646353420558,644.5203821558326354,688.3441626228678842,496.8128570950545395,515.5662003092647865,503.6909108620845927,5.3613434113930234,9.7446760794886522,820.6003730445956990,7.0644919324425803,,12.6558551035989009
"2022Q3",0.2965533427516363,-0.9611989870086547,43.5424047336563760,455.8857600063425366,494.1486906105539560,26.8693142958779276,8.3762746928306342,2.7096225661701165,694.2232377876515557,790.2455389802101990,642.2903926157376873,756.7591358696894304,592.2772711955529985,657.0516741736194035,646.2381512100232612,686.9637927281557950,501.1022065044888336,525.2473786155195512,506.6390059009751212,5.8712206079331697,9.1172243457960320,822.9548220205039115,4.2813133532286596,,16.9821170208257008
"2022Q4",0.6445123694199992,-0.6894273004006863,42.4781613300097263,444.4968830278218661,492.4802769699317082,15.6167834352887098,7.2630405638043385,4.0981981721620357,696.5136406038175210,790.1806361526539604,643.5990200627202285,759.6154433634384304,604.8531763385252589,639.7529728262968547,649.5950507401163350,685.0995102938851460,505.9494641946257616,535.4873478991860338,509.7459516708000820,6.6199640714203687,8.6864735012633076,825.5236892877338732,4.0480568432172097,,8.0893352660462501
"2023Q1",0.9936444897506505,-0.3936213023848127,42.5521567865523309,437.6523791198219442,495.8661556595690740,8.0568300937252957,10.2371747858161939,4.6692727991982350,699.6513032390611215,792.9040817038280693,641.4400206912448539,755.2782410401441666,586.6655767867814575,645.2734373860452024,660.1792273160858713,681.8310132935168895,509.4884307549202731,545.8689079096841397,509.7893036413814229,7.0989146411406949,7.7200947221774907,828.5101833746671218,3.3560341593908798,,9.4663326721515606
"2023Q2",1.2169013685868748,-0.0809633664680014,43.7535209056590517,433.6989117478534581,494.3718299595060444,2.5435622672468412,7.3702135528907888,5.1326627165340630,703.6338120156123068,793.8810418261904260,642.4393129982854589,758.4652112725910911,560.2977261191640537,674.3234178360081614,664.4745515184607711,694.1806479381672261,510.9797822980960404,549.5496881260702366,508.9446466304883074,7.4585252914809139,7.8479122812027615,833.6579208974894755,5.7646470615653698,,12.8768856740176005
"2023Q3",1.3176475990348706,0.2421081577598438,45.7709049902194423,444.1785782412596291,489.0522456374911258,10.9219647964220030,0.0172158120049062,5.3888257888864146,708.6284902977521369,797.3190311757641666,644.9469307190330483,759.9416139867856828,584.7878012131038759,588.7344886219241289,667.4005213001678385,696.8313950634636740,513.1187294670824031,552.6725618230362898,509.8242113517383700,7.6897619716663801,7.0947507547317787,839.8581253050306259,5.0014437624560504,,10.0919423004687996
"2023Q4",1.2984872108455079,0.5708706434970130,47.4190141743558300,439.9562632915635731,489.8337927886021816,5.2321663263490450,-0.7259753772381714,5.3730322420967713,712.8468740017262917,799.8229416396984561,646.6191004916382781,758.4264390165947134,597.3044145328659624,599.8221318567019580,668.0089212229580653,699.5381663374178061,514.3932301635659314,552.4529353735476889,511.8313882417772902,7.9271901586886084,6.7278540895802728,846.5485348916580506,3.9256331638244002,,9.4573869815929896
"2024Q1",0.9122984163738863,0.9024793457267902,47.9752322170737244,439.2615844459880918,490.6775698620443791,4.4095235049451276,-0.1914979858738093,5.3098330995015415,715.6395990436077454,802.1250407485275673,648.5798822604767793,761.4046839987860267,607.0526038615702191,587.4019843440529485,674.0103018188121951,705.2590123946384892,514.0394867513409736,548.5200715085558159,512.5428342957642371,7.9579477403966123,6.7316378282698253,851.0523233024113097,4.2008860404736099,,13.9448417868325993
"2024Q2",0.5742259393178699,1.2347248096025425,48.0796739342136306,443.5845476338275262,490.7650184520441599,9.2837802014100816,0.1465758378596433,5.3256366300431468,717.2476427149246092,803.2640527039727658,649.2857103171184008,760.7681677588118418,609.0594558849572877,585.9255245305762401,674.1604223492361143,700.5880439465988729,516.0385708310300288,551.1180654508215184,513.4960539705164138,7.9682118277899434,6.9427304309941675,855.5751796354355747,4.0603177774609103,,11.5661078814587999
"2024Q3",0.2846685386618901,1.5663768189734557,48.7994380807688302,435.9903652588239424,486.2126322774066125,1.8301468680479616,-4.6776381826088027,5.2861231198600747,719.5047420920896002,805.0549161639793283,649.1388777500624201,762.8166777429112244,615.7059298029846559,588.7438367659693768,679.7458074640817358,707.5747164870631423,517.1760733675355368,552.9050568847708291,514.6173929722152707,7.0067053561232679,7.9559120394579743,860.7713988750386989,4.1317315239268604,,10.5217866027283993
"2024Q4",0.0436660821782624,1.8973415299973904,49.2407602361912282,429.2628250412677176,488.8445810087023915,-4.3025299133735757,-1.9615768064423946,4.9297971721286267,722.4563756807350501,807.6129566144910541,649.1632917634525484,761.2599034033623866,627.3549989729833669,600.9844925561122864,680.8005021190390380,710.5381249792809513,519.3531756316762085,557.7877698153358779,512.8840488710139880,6.5616340020671640,8.1509724869622282,865.0747592231412000,4.4589953691802000,,11.0274736310223993
"2025Q1",-0.1684438901046121,2.2279673312559414,49.0336445789745099,431.7221411307765493,487.9892802869338198,-0.4538895725935390,-2.0192758975500738,4.3729762861325199,724.7633030250144657,809.5386010067254574,650.1790490355563179,764.5625140340907819,643.9327149160072850,670.0888096019011755,685.6771261882838644,716.7148924644926637,520.5511163821623768,559.1788756865544201,512.3302899863597304,6.5671589423601819,8.0245285476552937,861.4805309658382839,2.9171231751386602,,10.6102711724014007
"2025Q2",-0.3158992395867131,,49.2469022534862901,427.9680278661078319,489.5335391000908203,-3.1201892348898355,-0.0439589532234663,4.0133757739645564,725.7840000798588562,,,,,,,,521.0853021448409663,560.7951742118568745,512.0585166968065778,6.5509760994690271,8.1357314814862001,863.1389243034400351,,,
"2025Q3",-0.3987600302025101,,48.9510306290546140,426.2640203324746722,487.8748636015204170,-3.1352678230619517,-0.7185764829214918,3.6524774682372168,,,,,,,,,,,,,,,,,
"2025Q4",-0.4168888888616067,,49.1470043572914363,424.5543146041489422,485.8231221919332938,-3.5808304348628326,-2.2441665566774418,3.3708755313879228,,,,,,,,,,,,,,,,,
"2026Q1",-0.2289897417531108,,49.7742783205993433,423.2244246174906834,485.8317994904053876,-4.0337849943586548,-2.1161821466484980,3.1288696696723668,,,,,,,,,,,,,,,,,
"2026Q2",-0.0656222987461916,,50.3240169429293971,421.8945346308323678,485.8404767888774813,-4.3858406261696246,-1.8942864895774392,2.9267497680568142,,,,,,,,,,,,,,,,,
"2026Q3",0.0740037124125053,,50.8670126584490419,420.5646446441739954,485.8491540873496888,-4.7259976078435670,-1.6560295105225009,2.9267497680568142,,,,,,,,,,,,,,,,,
"2026Q4",0.1907195779130149,,51.4050148470517101,419.2347546575157367,485.8578313858218394,-5.0714720122625749,-1.4087341512117746,2.9267497680568142,,,,,,,,,,,,,,,,,
"2027Q1",0.2793886830309020,,51.9242800684536192,418.7752254065442230,485.6806259073931642,-4.5506726079398732,-1.3290782916525927,2.9267497680568142,,,,,,,,,,,,,,,,,
"2027Q2",0.3403843124944643,,52.4479425077296355,418.3156961555725957,485.5034204289646595,-4.0664375901127983,-1.2579714245649143,2.9267497680568142,,,,,,,,,,,,,,,,,
"2027Q3",0.3741976825104558,,52.9791486664414748,417.8561669046010820,485.3262149505359844,-3.6284125644391452,-1.2013874621241030,2.9267497680568142,,,,,,,,,,,,,,,,,
"2027Q4",0.3811072690904496,,53.5176835941265168,417.3966376536295684,485.1490094721074797,-3.2403401610581568,-1.1611526323401904,2.9267497680568142,,,,,,,,,,,,,,,,,
"2028Q1",0.3110196123422213,,54.0691404087240812,417.1982536683355534,485.1447820090521077,-2.6483580549807471,-0.9711723490883628,2.9267497680568142,,,,,,,,,,,,,,,,,
"2028Q2",0.2475793199612752,,54.6205972233216528,416.9998696830415383,485.1405545459968494,-2.1003542351203350,-0.7920673317428850,2.9267497680568142,,,,,,,,,,,,,,,,,
"2028Q3",0.1903984151067561,,55.1720540379192244,416.8014856977475233,485.1363270829414773,-1.5943380878408675,-0.6237951884993436,2.9267497680568142,,,,,,,,,,,,,,,,,
"2028Q4",0.1389341838628155,,55.7235108525168030,416.6031017124535083,485.1320996198861621,-1.1270062781093770,-0.4658184854706633,2.9267497680568142,,,,,,,,,,,,,,,,,
"2029Q1",0.0711480503597244,,56.2507596252424165,416.4641277957500165,485.1282825534988206,-0.6104408991253081,-0.2925914782371137,2.9267497680568142,,,,,,,,,,,,,,,,,
"2029Q2",0.0076683307516987,,56.7780083979680370,416.3251538790464679,485.1244654871114221,-0.1232558860895097,-0.1275141629057543,2.9267497680568142,,,,,,,,,,,,,,,,,
"2029Q3",-0.0522979892830193,,57.3052571706936575,416.1861799623429761,485.1206484207240237,0.3399344618214286,0.0308147726304355,2.9267497680568142,,,,,,,,,,,,,,,,,
"2029Q4",-0.1095487167728635,,57.8325059434192781,416.0472060456394274,485.1168313543365684,0.7845928803596394,0.1838763368297691,2.9267497680568142,,,,,,,,,,,,,,,,,
"2030Q1",-0.1781702008363055,,58.3856637467661486,415.9571465029333694,485.1335262046434877,1.2389749896148032,0.3277351649908269,2.9267497680568142,,,,,,,,,,,,,,,,,
"2030Q2",-0.2455378659773544,,58.9388215501129977,415.8670869602272546,485.1502210549504071,1.6848353523738524,0.4691351975554880,2.9267497680568142,,,,,,,,,,,,,,,,,
"2030Q3",-0.3122370086577888,,59.4919793534598540,415.7770274175211398,485.1669159052573264,2.1261595154313682,0.6092184265604033,2.9267497680568142,,,,,,,,,,,,,,,,,
"2030Q4",-0.3786994641730956,,60.0451371568067174,415.6869678748150250,485.1836107555641320,2.5658800034867681,0.7488336345436437,2.9267497680568142,,,,,,,,,,,,,,,,,